,FTR
0,2
1,2
2,1
3,2
4,1
5,1
6,0
7,2
8,1
9,2
10,2
11,2
12,1
13,0
14,2
15,0
16,0
17,1
18,2
19,2
20,0
21,1
22,2
23,2
24,0
25,1
26,2
27,1
28,2
29,2
30,2
31,1
32,2
33,1
34,0
35,1
36,0
37,1
38,1
39,2
40,1
41,1
42,0
43,1
44,1
45,2
46,2
47,2
48,2
49,0
50,0
51,1
52,0
53,1
54,1
55,2
56,2
57,1
58,0
59,0
60,0
61,2
62,1
63,2
64,1
65,1
66,2
67,2
68,0
69,2
70,2
71,1
72,2
73,0
74,1
75,1
76,1
77,0
78,2
79,1
80,2
81,2
82,2
83,1
84,2
85,0
86,1
87,2
88,0
89,0
90,2
91,0
92,2
93,2
94,2
95,2
96,1
97,0
98,2
99,2
100,1
101,2
102,1
103,2
104,1
105,2
106,2
107,0
108,2
109,0
110,2
111,1
112,2
113,2
114,1
115,1
116,0
117,1
118,1
119,0
120,1
121,1
122,1
123,2
124,2
125,1
126,2
127,0
128,0
129,0
130,0
131,2
132,2
133,2
134,2
135,2
136,0
137,2
138,0
139,1
140,0
141,1
142,0
143,1
144,2
145,1
146,2
147,2
148,1
149,2
150,2
151,1
152,2
153,1
154,2
155,1
156,2
157,2
158,2
159,2
160,1
161,1
162,2
163,0
164,0
165,2
166,1
167,2
168,2
169,1
170,2
171,0
172,0
173,0
174,2
175,0
176,2
177,0
178,0
179,2
180,1
181,2
182,0
183,0
184,2
185,0
186,1
187,2
188,0
189,1
190,0
191,2
192,2
193,2
194,2
195,2
196,0
197,2
198,1
199,0
200,0
201,2
202,2
203,1
204,0
205,2
206,1
207,2
208,2
209,2
210,2
211,2
212,2
213,2
214,2
215,0
216,1
217,1
218,1
219,1
220,1
221,2
222,2
223,0
224,1
225,2
226,2
227,1
228,0
229,2
230,0
231,0
232,0
233,2
234,2
235,2
236,0
237,1
238,1
239,0
240,0
241,2
242,2
243,2
244,1
245,2
246,2
247,1
248,2
249,2
250,2
251,2
252,0
253,0
254,2
255,2
256,1
257,1
258,1
259,2
260,0
261,1
262,2
263,1
264,0
265,1
266,2
267,2
268,2
269,2
270,1
271,0
272,2
273,1
274,2
275,1
276,2
277,1
278,0
279,2
280,2
281,2
282,0
283,2
284,2
285,1
286,0
287,1
288,0
289,1
290,2
291,2
292,2
293,1
294,1
295,2
296,2
297,0
298,1
299,2
300,1
301,2
302,1
303,2
304,0
305,1
306,2
307,2
308,1
309,2
310,2
311,2
312,0
313,2
314,0
315,2
316,0
317,2
318,2
319,0
320,2
321,0
322,0
323,1
324,1
325,2
326,1
327,1
328,1
329,2
330,2
331,2
332,2
333,1
334,1
335,2
336,0
337,2
338,2
339,2
340,1
341,2
342,0
343,2
344,1
345,2
346,1
347,2
348,2
349,1
350,0
351,2
352,2
353,1
354,1
355,2
356,2
357,2
358,0
359,2
360,1
361,2
362,0
363,2
364,0
365,0
366,1
367,0
368,2
369,2
370,2
371,0
372,2
373,1
374,2
375,1
376,0
377,2
378,0
379,0
380,0
381,1
382,1
383,1
384,0
385,1
386,1
387,0
388,2
389,0
390,2
391,2
392,0
393,0
394,1
395,0
396,1
397,2
398,2
399,1
400,0
401,2
402,2
403,1
404,2
405,2
406,2
407,0
408,0
409,2
410,0
411,1
412,2
413,2
414,0
415,0
416,1
417,0
418,1
419,1
420,2
421,0
422,2
423,2
424,0
425,1
426,2
427,2
428,2
429,2
430,2
431,2
432,2
433,2
434,1
435,1
436,0
437,1
438,2
439,2
440,0
441,0
442,2
443,1
444,0
445,0
446,2
447,2
448,2
449,2
450,1
451,2
452,2
453,1
454,2
455,0
456,2
457,1
458,2
459,0
460,0
461,1
462,2
463,1
464,2
465,0
466,0
467,0
468,2
469,0
470,0
471,2
472,1
473,1
474,2
475,0
476,0
477,2
478,0
479,2
480,2
481,0
482,1
483,2
484,2
485,0
486,2
487,0
488,2
489,2
490,2
491,0
492,0
493,1
494,0
495,2
496,1
497,0
498,2
499,1
500,0
501,2
502,1
503,2
504,2
505,0
506,0
507,1
508,1
509,0
510,2
511,2
512,0
513,1
514,2
515,0
516,0
517,2
518,2
519,2
520,0
521,2
522,2
523,2
524,2
525,0
526,2
527,2
528,2
529,0
530,1
531,2
532,1
533,1
534,0
535,0
536,2
537,0
538,2
539,0
540,1
541,0
542,2
543,0
544,2
545,0
546,0
547,1
548,1
549,0
550,1
551,1
552,2
553,1
554,1
555,1
556,1
557,0
558,1
559,2
560,2
561,1
562,0
563,0
564,1
565,1
566,1
567,2
568,0
569,0
570,0
571,2
572,0
573,0
574,2
575,2
576,0
577,0
578,2
579,2
580,1
581,2
582,2
583,1
584,2
585,1
586,0
587,2
588,2
589,0
590,2
591,1
592,2
593,1
594,2
595,0
596,2
597,0
598,0
599,2
600,2
601,2
602,1
603,2
604,0
605,1
606,0
607,1
608,1
609,2
610,2
611,2
612,2
613,0
614,0
615,0
616,1
617,1
618,2
619,1
620,2
621,0
622,2
623,2
624,2
625,0
626,0
627,2
628,0
629,0
630,2
631,2
632,1
633,0
634,2
635,1
636,2
637,0
638,2
639,1
640,0
641,2
642,1
643,2
644,2
645,0
646,2
647,1
648,0
649,2
650,2
651,2
652,2
653,2
654,0
655,2
656,1
657,2
658,2
659,2
660,0
661,1
662,2
663,0
664,2
665,0
666,2
667,2
668,1
669,2
670,2
671,1
672,0
673,2
674,1
675,2
676,0
677,0
678,2
679,0
680,2
681,2
682,1
683,2
684,2
685,0
686,2
687,2
688,0
689,0
690,0
691,2
692,1
693,1
694,2
695,1
696,2
697,2
698,2
699,1
700,2
701,1
702,2
703,0
704,0
705,2
706,2
707,2
708,0
709,0
710,1
711,2
712,2
713,2
714,0
715,1
716,1
717,2
718,1
719,2
720,2
721,2
722,0
723,1
724,0
725,0
726,2
727,0
728,1
729,1
730,1
731,1
732,2
733,2
734,2
735,2
736,0
737,1
738,0
739,0
740,1
741,1
742,1
743,2
744,2
745,0
746,2
747,1
748,0
749,2
750,2
751,2
752,2
753,2
754,1
755,0
756,2
757,2
758,0
759,2
760,1
761,2
762,2
763,0
764,1
765,2
766,2
767,2
768,0
769,2
770,2
771,0
772,2
773,2
774,1
775,0
776,2
777,1
778,1
779,1
780,2
781,1
782,1
783,2
784,2
785,1
786,0
787,1
788,0
789,2
790,2
791,2
792,2
793,1
794,1
795,1
796,1
797,0
798,1
799,2
800,2
801,0
802,2
803,1
804,0
805,0
806,1
807,2
808,2
809,0
810,2
811,0
812,0
813,0
814,1
815,2
816,2
817,1
818,0
819,2
820,2
821,1
822,2
823,0
824,1
825,1
826,0
827,1
828,2
829,2
830,2
831,2
832,2
833,2
834,0
835,0
836,2
837,1
838,1
839,2
840,1
841,2
842,1
843,1
844,2
845,0
846,1
847,2
848,0
849,1
850,2
851,2
852,0
853,1
854,0
855,1
856,1
857,1
858,2
859,1
860,0
861,2
862,1
863,1
864,2
865,0
866,1
867,2
868,0
869,2
870,2
871,2
872,0
873,2
874,0
875,2
876,2
877,0
878,1
879,1
880,1
881,2
882,2
883,0
884,2
885,1
886,2
887,1
888,2
889,2
890,1
891,1
892,1
893,2
894,1
895,2
896,2
897,2
898,0
899,0
900,0
901,2
902,1
903,1
904,0
905,0
906,2
907,2
908,2
909,2
910,1
911,2
912,0
913,0
914,1
915,2
916,0
917,0
918,2
919,2
920,0
921,2
922,0
923,2
924,2
925,1
926,2
927,1
928,0
929,2
930,2
931,2
932,0
933,1
934,2
935,0
936,0
937,2
938,1
939,0
940,2
941,1
942,2
943,0
944,0
945,1
946,2
947,2
948,2
949,0
950,0
951,2
952,0
953,2
954,1
955,0
956,0
957,0
958,2
959,1
960,1
961,2
962,0
963,2
964,0
965,0
966,2
967,0
968,0
969,1
970,1
971,1
972,1
973,2
974,0
975,2
976,0
977,2
978,1
979,2
980,2
981,0
982,2
983,1
984,1
985,0
986,2
987,1
988,1
989,2
990,0
991,1
992,1
993,1
994,1
995,2
996,2
997,2
998,1
999,1
1000,2
1001,1
1002,0
1003,2
1004,1
1005,2
1006,2
1007,1
1008,1
1009,0
1010,2
1011,1
1012,2
1013,2
1014,0
1015,2
1016,2
1017,2
1018,2
1019,0
1020,2
1021,2
1022,2
1023,2
1024,0
1025,0
1026,2
1027,2
1028,2
1029,0
1030,2
1031,2
1032,2
1033,0
1034,0
1035,1
1036,2
1037,0
1038,2
1039,0
1040,1
1041,2
1042,0
1043,2
1044,2
1045,2
1046,2
1047,2
1048,2
1049,2
1050,1
1051,0
1052,2
1053,1
1054,0
1055,2
1056,2
1057,2
1058,2
1059,2
1060,0
1061,0
1062,2
1063,2
1064,0
1065,2
1066,1
1067,0
1068,0
1069,0
1070,2
1071,1
1072,2
1073,1
1074,1
1075,0
1076,2
1077,1
1078,2
1079,1
1080,1
1081,0
1082,0
1083,1
1084,0
1085,2
1086,1
1087,0
1088,2
1089,0
1090,2
1091,1
1092,1
1093,2
1094,1
1095,2
1096,2
1097,2
1098,2
1099,0
1100,0
1101,2
1102,1
1103,1
1104,2
1105,1
1106,2
1107,0
1108,0
1109,0
1110,1
1111,2
1112,0
1113,1
1114,1
1115,0
1116,1
1117,2
1118,0
1119,1
1120,0
1121,2
1122,0
1123,2
1124,2
1125,0
1126,0
1127,1
1128,2
1129,0
1130,2
1131,2
1132,0
1133,0
1134,1
1135,0
1136,2
1137,1
1138,2
1139,1
1140,0
1141,2
1142,1
1143,0
1144,0
1145,0
1146,2
1147,2
1148,0
1149,2
1150,2
1151,0
1152,1
1153,0
1154,2
1155,1
1156,1
1157,2
1158,2
1159,2
1160,1
1161,1
1162,2
1163,2
1164,2
1165,2
1166,0
1167,2
1168,2
1169,0
1170,0
1171,2
1172,1
1173,1
1174,2
1175,1
1176,0
1177,2
1178,1
1179,1
1180,2
1181,0
1182,0
1183,0
1184,2
1185,0
1186,2
1187,0
1188,0
1189,2
1190,2
1191,0
1192,2
1193,0
1194,2
1195,0
1196,1
1197,0
1198,0
1199,2
1200,0
1201,2
1202,1
1203,2
1204,2
1205,0
1206,0
1207,2
1208,0
1209,1
1210,2
1211,2
1212,2
1213,1
1214,1
1215,1
1216,2
1217,0
1218,0
1219,0
1220,0
1221,0
1222,2
1223,2
1224,1
1225,2
1226,2
1227,2
1228,1
1229,2
1230,2
1231,0
1232,2
1233,2
1234,2
1235,1
1236,2
1237,1
1238,2
1239,1
1240,2
1241,1
1242,1
1243,2
1244,2
1245,2
1246,2
1247,2
1248,1
1249,0
1250,2
1251,1
1252,0
1253,0
1254,2
1255,2
1256,0
1257,1
1258,2
1259,1
1260,1
1261,0
1262,2
1263,2
1264,2
1265,2
1266,2
1267,2
1268,2
1269,1
1270,2
1271,2
1272,0
1273,2
1274,0
1275,0
1276,1
1277,0
1278,2
1279,0
1280,2
1281,2
1282,0
1283,1
1284,2
1285,0
1286,0
1287,1
1288,2
1289,1
1290,2
1291,2
1292,2
1293,1
1294,2
1295,1
1296,1
1297,0
1298,1
1299,0
1300,0
1301,0
1302,2
1303,2
1304,2
1305,1
1306,1
1307,0
1308,0
1309,1
1310,0
1311,0
1312,2
1313,0
1314,0
1315,2
1316,2
1317,0
1318,1
1319,0
1320,1
1321,1
1322,2
1323,2
1324,0
1325,1
1326,2
1327,2
1328,0
1329,2
1330,2
1331,1
1332,2
1333,2
1334,0
1335,0
1336,1
1337,0
1338,0
1339,2
1340,0
1341,2
1342,0
1343,0
1344,2
1345,2
1346,2
1347,0
1348,0
1349,0
1350,2
1351,2
1352,1
1353,2
1354,2
1355,1
1356,0
1357,2
1358,0
1359,1
1360,2
1361,2
1362,2
1363,1
1364,1
1365,2
1366,2
1367,1
1368,2
1369,0
1370,2
1371,2
1372,0
1373,1
1374,0
1375,2
1376,2
1377,2
1378,1
1379,0
1380,0
1381,2
1382,2
1383,2
1384,1
1385,1
1386,0
1387,2
1388,1
1389,2
1390,1
1391,0
1392,1
1393,2
1394,1
1395,0
1396,0
1397,1
1398,2
1399,0
1400,2
1401,0
1402,2
1403,1
1404,2
1405,2
1406,2
1407,2
1408,2
1409,0
1410,0
1411,0
1412,2
1413,2
1414,1
1415,2
1416,2
1417,2
1418,0
1419,1
1420,0
1421,2
1422,2
1423,2
1424,0
1425,2
1426,2
1427,1
1428,0
1429,0
1430,0
1431,0
1432,2
1433,2
1434,2
1435,2
1436,2
1437,2
1438,0
1439,0
1440,2
1441,1
1442,0
1443,0
1444,2
1445,2
1446,1
1447,2
1448,2
1449,2
1450,2
1451,2
1452,1
1453,0
1454,2
1455,0
1456,0
1457,0
1458,2
1459,2
1460,2
1461,0
1462,0
1463,2
1464,0
1465,2
1466,2
1467,2
1468,0
1469,2
1470,0
1471,1
1472,2
1473,0
1474,2
1475,0
1476,1
1477,1
1478,1
1479,0
1480,0
1481,2
1482,0
1483,2
1484,0
1485,0
1486,2
1487,1
1488,2
1489,2
1490,0
1491,2
1492,2
1493,0
1494,0
1495,2
1496,2
1497,2
1498,0
1499,0
1500,2
1501,2
1502,0
1503,2
1504,2
1505,1
1506,1
1507,2
1508,2
1509,2
1510,0
1511,1
1512,0
1513,2
1514,2
1515,0
1516,1
1517,0
1518,2
1519,0
1520,2
1521,1
1522,0
1523,0
1524,0
1525,1
1526,0
1527,2
1528,0
1529,0
1530,1
1531,2
1532,0
1533,1
1534,1
1535,2
1536,1
1537,1
1538,2
1539,2
1540,1
1541,0
1542,0
1543,1
1544,2
1545,2
1546,0
1547,2
1548,1
1549,0
1550,1
1551,2
1552,1
1553,0
1554,2
1555,0
1556,1
1557,0
1558,2
1559,1
1560,0
1561,1
1562,1
1563,1
1564,0
1565,2
1566,0
1567,2
1568,1
1569,0
1570,1
1571,2
1572,2
1573,0
1574,1
1575,2
1576,2
1577,1
1578,2
1579,2
1580,0
1581,2
1582,1
1583,2
1584,2
1585,1
1586,2
1587,2
1588,2
1589,2
1590,1
1591,0
1592,0
1593,2
1594,2
1595,2
1596,2
1597,0
1598,2
1599,1
1600,1
1601,2
1602,0
1603,2
1604,1
1605,2
1606,0
1607,1
1608,0
1609,2
1610,2
1611,2
1612,1
1613,0
1614,0
1615,2
1616,1
1617,0
1618,2
1619,0
1620,2
1621,0
1622,2
1623,1
1624,2
1625,1
1626,1
1627,2
1628,0
1629,0
1630,0
1631,2
1632,2
1633,1
1634,2
1635,2
1636,0
1637,2
1638,0
1639,1
1640,1
1641,2
1642,2
1643,2
1644,1
1645,1
1646,0
1647,2
1648,0
1649,2
1650,1
1651,0
1652,0
1653,2
1654,2
1655,0
1656,2
1657,2
1658,1
1659,0
1660,1
1661,1
1662,2
1663,2
1664,2
1665,2
1666,1
1667,2
1668,2
1669,0
1670,2
1671,2
1672,2
1673,1
1674,0
1675,1
1676,2
1677,2
1678,0
1679,2
1680,1
1681,0
1682,2
1683,2
1684,2
1685,2
1686,2
1687,1
1688,0
1689,0
1690,2
1691,0
1692,2
1693,0
1694,0
1695,0
1696,2
1697,0
1698,2
1699,0
1700,1
1701,0
1702,1
1703,2
1704,1
1705,1
1706,2
1707,1
1708,0
1709,2
1710,1
1711,2
1712,1
1713,2
1714,1
1715,1
1716,2
1717,1
1718,2
1719,1
1720,2
1721,2
1722,2
1723,1
1724,2
1725,0
1726,1
1727,2
1728,2
1729,0
1730,0
1731,0
1732,0
1733,0
1734,0
1735,0
1736,2
1737,0
1738,2
1739,1
1740,1
1741,0
1742,0
1743,2
1744,2
1745,2
1746,2
1747,0
1748,2
1749,0
1750,0
1751,1
1752,0
1753,1
1754,0
1755,1
1756,2
1757,1
1758,1
1759,1
1760,2
1761,2
1762,2
1763,0
1764,2
1765,1
1766,2
1767,1
1768,0
1769,2
1770,0
1771,1
1772,0
1773,2
1774,2
1775,1
1776,2
1777,1
1778,0
1779,1
1780,0
1781,2
1782,2
1783,2
1784,2
1785,0
1786,2
1787,2
1788,2
1789,1
1790,2
1791,2
1792,2
1793,0
1794,0
1795,2
1796,2
1797,0
1798,0
1799,2
1800,2
1801,2
1802,1
1803,0
1804,2
1805,1
1806,2
1807,2
1808,0
1809,0
1810,2
1811,0
1812,2
1813,0
1814,2
1815,2
1816,0
1817,0
1818,0
1819,2
1820,2
1821,2
1822,2
1823,2
1824,2
1825,0
1826,1
1827,2
1828,2
1829,1
1830,0
1831,2
1832,0
1833,1
1834,0
1835,0
1836,1
1837,2
1838,0
1839,2
1840,2
1841,0
1842,2
1843,2
1844,2
1845,2
1846,0
1847,0
1848,0
1849,2
1850,0
1851,1
1852,1
1853,1
1854,1
1855,1
1856,2
1857,2
1858,0
1859,2
1860,2
1861,2
1862,0
1863,2
1864,2
1865,2
1866,2
1867,0
1868,0
1869,2
1870,0
1871,0
1872,0
1873,2
1874,1
1875,2
1876,1
1877,2
1878,0
1879,1
1880,0
1881,2
1882,2
1883,1
1884,2
1885,0
1886,1
1887,0
1888,2
1889,1
1890,2
1891,0
1892,2
1893,2
1894,0
1895,1
1896,2
1897,2
1898,2
1899,2
1900,0
1901,1
1902,1
1903,2
1904,2
1905,0
1906,0
1907,1
1908,0
1909,0
1910,0
1911,0
1912,0
1913,2
1914,1
1915,1
1916,0
1917,0
1918,2
1919,2
1920,2
1921,1
1922,1
1923,1
1924,1
1925,0
1926,0
1927,1
1928,0
1929,1
1930,1
1931,1
1932,0
1933,0
1934,2
1935,0
1936,0
1937,1
1938,2
1939,2
1940,2
1941,0
1942,2
1943,2
1944,2
1945,2
1946,1
1947,2
1948,0
1949,2
1950,0
1951,2
1952,2
1953,0
1954,0
1955,1
1956,1
1957,1
1958,0
1959,2
1960,0
1961,2
1962,2
1963,1
1964,2
1965,2
1966,2
1967,1
1968,0
1969,0
1970,0
1971,1
1972,0
1973,2
1974,2
1975,0
1976,1
1977,2
1978,1
1979,1
1980,2
1981,0
1982,0
1983,2
1984,1
1985,1
1986,0
1987,2
1988,2
1989,0
1990,2
1991,0
1992,2
1993,0
1994,0
1995,2
1996,0
1997,1
1998,1
1999,2
2000,0
2001,1
2002,2
2003,1
2004,0
2005,2
2006,0
2007,2
2008,2
2009,2
2010,0
2011,2
2012,2
2013,2
2014,2
2015,0
2016,1
2017,1
2018,1
2019,0
2020,2
2021,2
2022,0
2023,0
2024,0
2025,1
2026,0
2027,2
2028,2
2029,0
2030,0
2031,1
2032,2
2033,1
2034,2
2035,2
2036,2
2037,1
2038,1
2039,1
2040,2
2041,0
2042,1
2043,1
2044,2
2045,0
2046,2
2047,1
2048,2
2049,1
2050,2
2051,2
2052,2
2053,1
2054,0
2055,1
2056,0
2057,1
2058,0
2059,2
2060,2
2061,0
2062,0
2063,1
2064,0
2065,0
2066,0
2067,1
2068,2
2069,2
2070,1
2071,1
2072,1
2073,2
2074,2
2075,0
2076,2
2077,2
2078,2
2079,2
2080,2
2081,1
2082,0
2083,1
2084,2
2085,0
2086,2
2087,2
2088,1
2089,0
2090,2
2091,1
2092,2
2093,2
2094,2
2095,0
2096,2
2097,2
2098,0
2099,1
2100,2
2101,0
2102,1
2103,1
2104,1
2105,1
2106,2
2107,2
2108,0
2109,0
2110,1
2111,2
2112,1
2113,2
2114,2
2115,2
2116,2
2117,0
2118,1
2119,2
2120,0
2121,2
2122,0
2123,0
2124,1
2125,2
2126,1
2127,1
2128,0
2129,0
2130,1
2131,0
2132,2
2133,2
2134,0
2135,0
2136,1
2137,2
2138,2
2139,1
2140,2
2141,1
2142,0
2143,2
2144,2
2145,0
2146,1
2147,2
2148,0
2149,1
2150,0
2151,2
2152,0
2153,0
2154,1
2155,2
2156,0
2157,2
2158,0
2159,0
2160,2
2161,0
2162,2
2163,1
2164,2
2165,2
2166,2
2167,2
2168,0
2169,2
2170,1
2171,0
2172,1
2173,0
2174,2
2175,2
2176,2
2177,2
2178,1
2179,0
2180,2
2181,0
2182,1
2183,2
2184,1
2185,0
2186,0
2187,2
2188,2
2189,1
2190,0
2191,0
2192,2
2193,1
2194,0
2195,0
2196,2
2197,0
2198,0
2199,0
2200,1
2201,2
2202,2
2203,2
2204,0
2205,0
2206,1
2207,2
2208,1
2209,1
2210,1
2211,2
2212,2
2213,0
2214,2
2215,2
2216,2
2217,2
2218,1
2219,1
2220,2
2221,0
2222,2
2223,1
2224,0
2225,1
2226,2
2227,2
2228,0
2229,0
2230,1
2231,0
2232,1
2233,0
2234,1
2235,2
2236,2
2237,2
2238,2
2239,0
2240,0
2241,1
2242,2
2243,2
2244,1
2245,1
2246,2
2247,2
2248,2
2249,1
2250,2
2251,0
2252,1
2253,2
2254,2
2255,1
2256,1
2257,1
2258,2
2259,2
2260,0
2261,2
2262,0
2263,2
2264,1
2265,0
2266,2
2267,1
2268,2
2269,2
2270,2
2271,1
2272,2
2273,2
2274,2
2275,2
2276,1
2277,1
2278,1
2279,2
2280,0
2281,0
2282,1
2283,2
2284,2
2285,1
2286,1
2287,0
2288,0
2289,2
2290,2
2291,2
2292,1
2293,0
2294,0
2295,2
2296,0
2297,0
2298,0
2299,2
2300,2
2301,1
2302,2
2303,0
2304,2
2305,1
2306,1
2307,0
2308,2
2309,1
2310,2
2311,2
2312,1
2313,2
2314,0
2315,0
2316,0
2317,0
2318,1
2319,0
2320,0
2321,2
2322,0
2323,2
2324,2
2325,2
2326,2
2327,2
2328,2
2329,2
2330,2
2331,2
2332,2
2333,2
2334,0
2335,1
2336,0
2337,0
2338,0
2339,2
2340,1
2341,0
2342,1
2343,0
2344,1
2345,1
2346,0
2347,1
2348,1
2349,2
2350,2
2351,2
2352,2
2353,0
2354,1
2355,2
2356,1
2357,0
2358,2
2359,1
2360,1
2361,1
2362,2
2363,0
2364,2
2365,2
2366,1
2367,2
2368,2
2369,1
2370,0
2371,1
2372,2
2373,0
2374,1
2375,2
2376,0
2377,2
2378,0
2379,2
2380,0
2381,2
2382,2
2383,1
2384,1
2385,1
2386,2
2387,0
2388,2
2389,0
2390,0
2391,1
2392,1
2393,1
2394,0
2395,2
2396,2
2397,2
2398,0
2399,2
2400,0
2401,2
2402,1
2403,1
2404,2
2405,2
2406,2
2407,1
2408,2
2409,0
2410,2
2411,0
2412,2
2413,2
2414,2
2415,2
2416,0
2417,2
2418,1
2419,2
2420,2
2421,2
2422,1
2423,2
2424,2
2425,2
2426,2
2427,1
2428,2
2429,2
2430,2
2431,2
2432,0
2433,2
2434,0
2435,1
2436,0
2437,2
2438,2
2439,2
2440,0
2441,2
2442,1
2443,2
2444,0
2445,2
2446,0
2447,2
2448,2
2449,0
2450,2
2451,2
2452,2
2453,0
2454,0
2455,2
2456,0
2457,1
2458,2
2459,0
2460,1
2461,2
2462,2
2463,2
2464,2
2465,2
2466,0
2467,0
2468,2
2469,0
2470,2
2471,2
2472,1
2473,1
2474,2
2475,0
2476,1
2477,0
2478,2
2479,2
2480,2
2481,2
2482,0
2483,0
2484,0
2485,2
2486,1
2487,2
2488,2
2489,1
2490,1
2491,0
2492,0
2493,1
2494,0
2495,1
2496,2
2497,2
2498,2
2499,2
2500,0
2501,0
2502,2
2503,1
2504,1
2505,1
2506,2
2507,1
2508,1
2509,0
2510,2
2511,0
2512,2
2513,2
2514,0
2515,2
2516,2
2517,2
2518,0
2519,2
2520,2
2521,2
2522,2
2523,1
2524,2
2525,0
2526,1
2527,1
2528,2
2529,0
2530,2
2531,2
2532,2
2533,1
2534,1
2535,2
2536,2
2537,2
2538,2
2539,2
2540,1
2541,2
2542,2
2543,0
2544,0
2545,0
2546,2
2547,0
2548,1
2549,2
2550,2
2551,2
2552,2
2553,2
2554,2
2555,2
2556,0
2557,1
2558,2
2559,0
2560,1
2561,0
2562,2
2563,0
2564,0
2565,2
2566,2
2567,2
2568,1
2569,1
2570,2
2571,1
2572,1
2573,2
2574,2
2575,1
2576,2
2577,2
2578,2
2579,2
2580,1
2581,2
2582,0
2583,0
2584,2
2585,1
2586,0
2587,2
2588,0
2589,2
2590,2
2591,0
2592,2
2593,1
2594,2
2595,0
2596,2
2597,1
2598,2
2599,2
2600,2
2601,0
2602,0
2603,2
2604,2
2605,2
2606,1
2607,0
2608,0
2609,2
2610,2
2611,0
2612,2
2613,1
2614,0
2615,1
2616,1
2617,0
2618,0
2619,0
2620,1
2621,1
2622,2
2623,0
2624,2
2625,1
2626,1
2627,0
2628,2
2629,2
2630,2
2631,2
2632,1
2633,2
2634,0
2635,2
2636,0
2637,2
2638,2
2639,0
2640,0
2641,0
2642,2
2643,2
2644,0
2645,2
2646,2
2647,2
2648,1
2649,0
2650,2
2651,0
2652,2
2653,0
2654,1
2655,2
2656,2
2657,0
2658,2
2659,0
2660,2
2661,0
2662,0
2663,0
2664,2
2665,1
2666,1
2667,2
2668,2
2669,0
2670,0
2671,0
2672,2
2673,2
2674,2
2675,2
2676,0
2677,2
2678,0
2679,1
2680,0
2681,0
2682,1
2683,2
2684,2
2685,1
2686,2
2687,2
2688,1
2689,1
2690,2
2691,2
2692,0
2693,0
2694,2
2695,0
2696,1
2697,2
2698,0
2699,2
2700,2
2701,0
2702,1
2703,1
2704,2
2705,1
2706,0
2707,1
2708,1
2709,2
2710,1
2711,2
2712,0
2713,2
2714,0
2715,0
2716,0
2717,0
2718,2
2719,2
2720,1
2721,0
2722,0
2723,2
2724,2
2725,1
2726,2
2727,2
2728,0
2729,1
2730,1
2731,2
2732,1
2733,2
2734,2
2735,2
2736,2
2737,1
2738,1
2739,1
2740,0
2741,2
2742,2
2743,2
2744,2
2745,2
2746,0
2747,0
2748,0
2749,2
2750,2
2751,0
2752,1
2753,2
2754,2
2755,0
2756,0
2757,1
2758,2
2759,2
2760,2
2761,0
2762,0
2763,1
2764,0
2765,0
2766,2
2767,2
2768,2
2769,2
2770,2
2771,2
2772,2
2773,1
2774,0
2775,2
2776,2
2777,0
2778,2
2779,1
2780,1
2781,2
2782,1
2783,2
2784,0
2785,1
2786,1
2787,0
2788,0
2789,2
2790,1
2791,2
2792,0
2793,1
2794,2
2795,0
2796,2
2797,2
2798,2
2799,0
2800,0
2801,0
2802,2
2803,2
2804,2
2805,2
2806,1
2807,1
2808,1
2809,2
2810,2
2811,1
2812,2
2813,0
2814,2
2815,2
2816,2
2817,1
2818,0
2819,1
2820,2
2821,2
2822,0
2823,1
2824,2
2825,0
2826,0
2827,0
2828,2
2829,1
2830,2
2831,1
2832,2
2833,0
2834,2
2835,0
2836,0
2837,0
2838,0
2839,2
2840,1
2841,2
2842,0
2843,1
2844,1
2845,2
2846,1
2847,2
2848,1
2849,0
2850,1
2851,2
2852,1
2853,2
2854,1
2855,2
2856,2
2857,1
2858,0
2859,0
2860,2
2861,2
2862,1
2863,2
2864,1
2865,1
2866,0
2867,1
2868,1
2869,1
2870,0
2871,0
2872,2
2873,0
2874,2
2875,0
2876,0
2877,2
2878,1
2879,1
2880,1
2881,2
2882,0
2883,1
2884,2
2885,1
2886,2
2887,2
2888,2
2889,2
2890,2
2891,0
2892,0
2893,1
2894,2
2895,2
2896,2
2897,1
2898,1
2899,2
2900,0
2901,2
2902,1
2903,0
2904,2
2905,2
2906,1
2907,1
2908,1
2909,2
2910,2
2911,2
2912,2
2913,1
2914,1
2915,2
2916,0
2917,1
2918,1
2919,2
2920,2
2921,2
2922,1
2923,2
2924,2
2925,2
2926,2
2927,2
2928,0
2929,2
2930,1
2931,2
2932,1
2933,1
2934,2
2935,2
2936,0
2937,0
2938,2
2939,0
2940,2
2941,1
2942,2
2943,1
2944,2
2945,2
2946,2
2947,2
2948,2
2949,0
2950,2
2951,2
2952,1
2953,2
2954,2
2955,0
2956,0
2957,2
2958,0
2959,0
2960,2
2961,0
2962,2
2963,0
2964,0
2965,0
2966,0
2967,2
2968,2
2969,1
2970,0
2971,2
2972,2
2973,0
2974,1
2975,1
2976,1
2977,0
2978,0
2979,0
2980,0
2981,1
2982,2
2983,1
2984,2
2985,2
2986,2
2987,2
2988,0
2989,1
2990,0
2991,0
2992,2
2993,1
2994,1
2995,0
2996,0
2997,1
2998,1
2999,1
3000,2
3001,2
3002,1
3003,2
3004,1
3005,2
3006,0
3007,1
3008,0
3009,2
3010,0
3011,2
3012,0
3013,2
3014,2
3015,2
3016,1
3017,0
3018,0
3019,2
3020,2
3021,2
3022,2
3023,1
3024,0
3025,1
3026,2
3027,2
3028,2
3029,1
3030,0
3031,2
3032,0
3033,2
3034,2
3035,2
3036,0
3037,0
3038,2
3039,2
